url,prov,Kec,Nama File,Nama Feature
F:\WP3WT\@ Integrasi Data\2013\15 Jateng\2010\Kabupaten Cilacap\Kecamatan Adipala\psn_adipala.shp,Jawa Tengah,Adipala,psn_adipala.shp,psn_adipala
F:\WP3WT\@ Integrasi Data\2013\15 Jateng\2010\Kabupaten Cilacap\Kecamatan Bantarsari\psn_bantarsari.shp,Jawa Tengah,Bantarsari,psn_bantarsari.shp,psn_bantarsari
F:\WP3WT\@ Integrasi Data\2013\15 Jateng\2010\Kabupaten Cilacap\Kecamatan Binangun\psn_binangun.shp,Jawa Tengah,Binangun,psn_binangun.shp,psn_binangun
F:\WP3WT\@ Integrasi Data\2013\15 Jateng\2010\Kabupaten Cilacap\Kecamatan Cilacap Tengah\psn_cilacaptengah.shp,Jawa Tengah,Cilacap_Tengah,psn_cilacaptengah.shp,psn_cilacaptengah
F:\WP3WT\@ Integrasi Data\2013\15 Jateng\2010\Kabupaten Cilacap\Kecamatan Cilacap Utara\psn_cilacaputara.shp,Jawa Tengah,Cilacap_Utara,psn_cilacaputara.shp,psn_cilacaputara
F:\WP3WT\@ Integrasi Data\2013\15 Jateng\2010\Kabupaten Cilacap\Kecamatan Jeruklegi\psn_jeruklegi.shp,Jawa Tengah,Jeruklegi,psn_jeruklegi.shp,psn_jeruklegi
F:\WP3WT\@ Integrasi Data\2013\15 Jateng\2010\Kabupaten Cilacap\Kecamatan Kawunganten\psn_kawunganten.shp,Jawa Tengah,Kawunganten,psn_kawunganten.shp,psn_kawunganten
F:\WP3WT\@ Integrasi Data\2013\15 Jateng\2010\Kabupaten Cilacap\Kecamatan Kesugihan\psn_kesugihan.shp,Jawa Tengah,Kesugihan,psn_kesugihan.shp,psn_kesugihan
F:\WP3WT\@ Integrasi Data\2013\15 Jateng\2010\Kabupaten Cilacap\Kecamatan Patimuan\psn_patimuan.shp,Jawa Tengah,Patimuan,psn_patimuan.shp,psn_patimuan
F:\WP3WT\@ Integrasi Data\2013\15 Jateng\2011\Brebes\Kecamatan Brebes\psn_brebes.shp,Jawa Tengah,Brebes,psn_brebes.shp,psn_brebes
F:\WP3WT\@ Integrasi Data\2013\15 Jateng\2011\Brebes\Kecamatan Bulakamba\psn_bulakamba.shp,Jawa Tengah,Bulakamba,psn_bulakamba.shp,psn_bulakamba
F:\WP3WT\@ Integrasi Data\2013\15 Jateng\2011\Brebes\Kecamatan Losari\psn_losari.shp,Jawa Tengah,Losari,psn_losari.shp,psn_losari
F:\WP3WT\@ Integrasi Data\2013\15 Jateng\2011\Brebes\Kecamatan Tanjung\psn_tanjung.shp,Jawa Tengah,Tanjung,psn_tanjung.shp,psn_tanjung
F:\WP3WT\@ Integrasi Data\2013\15 Jateng\2011\Brebes\Kecamatan Wanasari\psn_wanasari.shp,Jawa Tengah,Wanasari,psn_wanasari.shp,psn_wanasari
F:\WP3WT\@ Integrasi Data\2013\15 Jateng\2011\Cilacap\Kecamatan Cilacap Selatan\psn_cilacapselatan.shp,Jawa Tengah,Cilacap_Selatan,psn_cilacapselatan.shp,psn_cilacapselatan
F:\WP3WT\@ Integrasi Data\2013\15 Jateng\2011\Cilacap\Kecamatan Kampung Laut\psn_kampunglaut.shp,Jawa Tengah,Kampung_Laut,psn_kampunglaut.shp,psn_kampunglaut
F:\WP3WT\@ Integrasi Data\2013\15 Jateng\2011\Kota Tegal\Kecamatan Tegal Barat\psn_tegalbarat.shp,Jawa Tengah,Tegal_Barat,psn_tegalbarat.shp,psn_tegalbarat
F:\WP3WT\@ Integrasi Data\2013\15 Jateng\2011\Kota Tegal\Kecamatan Tegal Timur\psn_tegaltimur.shp,Jawa Tengah,Tegal_Timur,psn_tegaltimur.shp,psn_tegaltimur
F:\WP3WT\@ Integrasi Data\2013\15 Jateng\2011\Wonogiri\Kecamatan Paranggupito\psn_paranggupito.shp,Jawa Tengah,Paranggupito,psn_paranggupito.shp,psn_paranggupito
F:\WP3WT\@ Integrasi Data\2013\15 Jateng\2012\Kabupaten Purworejo\Kecamatan Grabak\psn_grabak.shp,Jawa Tengah,Grabak,psn_grabak.shp,psn_grabak
F:\WP3WT\@ Integrasi Data\2013\15 Jateng\2012\Kabupaten Purworejo\Kecamatan Ngombol\psn_ngombol.shp,Jawa Tengah,Ngombol,psn_ngombol.shp,psn_ngombol
F:\WP3WT\@ Integrasi Data\2013\15 Jateng\2012\Kabupaten Purworejo\Kecamatan Purwodadi\psn_purwodadi.shp,Jawa Tengah,Purwodadi,psn_purwodadi.shp,psn_purwodadi
F:\WP3WT\@ Integrasi Data\2013\15 Jateng\2012\Kabupaten Tegal\Kecamatan Keramat\psn_keramat.shp,Jawa Tengah,Keramat,psn_keramat.shp,psn_keramat
F:\WP3WT\@ Integrasi Data\2013\15 Jateng\2012\Kabupaten Tegal\Kecamatan Surodadi\psn_surodadi.shp,Jawa Tengah,Surodadi,psn_surodadi.shp,psn_surodadi
F:\WP3WT\@ Integrasi Data\2013\15 Jateng\2013\Kabupaten Pekalongan\Kecamatan Siwalan\psn_siwalan.shp,Jawa Tengah,Siwalan,psn_siwalan.shp,psn_siwalan
F:\WP3WT\@ Integrasi Data\2013\15 Jateng\2013\Kabupaten Pekalongan\Kecamatan Wonokerto\psn_wonokerto.shp,Jawa Tengah,Wonokerto,psn_wonokerto.shp,psn_wonokerto
F:\WP3WT\@ Integrasi Data\2013\15 Jateng\2013\Kabupaten Pemalang\Kecamatan Pemalang\psn_pemalang.shp,Jawa Tengah,Pemalang,psn_pemalang.shp,psn_pemalang
F:\WP3WT\@ Integrasi Data\2013\15 Jateng\2013\Kabupaten Pemalang\Kecamatan Taman\psn_taman.shp,Jawa Tengah,Taman,psn_taman.shp,psn_taman
F:\WP3WT\@ Integrasi Data\2013\15 Jateng\2013\Kabupaten Pemalang\Kecamatan Ulujami\psn_ulujami.shp,Jawa Tengah,Ulujami,psn_ulujami.shp,psn_ulujami
F:\WP3WT\@ Integrasi Data\2014\Jateng\2010\Kabupaten Cilacap\Kecamatan Adipala\psn_adipala.shp,Jawa Tengah,Adipala,psn_adipala.shp,psn_adipala
F:\WP3WT\@ Integrasi Data\2014\Jateng\2010\Kabupaten Cilacap\Kecamatan Bantarsari\psn_bantarsari.shp,Jawa Tengah,Bantarsari,psn_bantarsari.shp,psn_bantarsari
F:\WP3WT\@ Integrasi Data\2014\Jateng\2010\Kabupaten Cilacap\Kecamatan Binangun\psn_binangun.shp,Jawa Tengah,Binangun,psn_binangun.shp,psn_binangun
F:\WP3WT\@ Integrasi Data\2014\Jateng\2010\Kabupaten Cilacap\Kecamatan Cilacap Tengah\psn_cilacaptengah.shp,Jawa Tengah,Cilacap_Tengah,psn_cilacaptengah.shp,psn_cilacaptengah
F:\WP3WT\@ Integrasi Data\2014\Jateng\2010\Kabupaten Cilacap\Kecamatan Cilacap Utara\psn_cilacaputara.shp,Jawa Tengah,Cilacap_Utara,psn_cilacaputara.shp,psn_cilacaputara
F:\WP3WT\@ Integrasi Data\2014\Jateng\2010\Kabupaten Cilacap\Kecamatan Jeruklegi\psn_jeruklegi.shp,Jawa Tengah,Jeruklegi,psn_jeruklegi.shp,psn_jeruklegi
F:\WP3WT\@ Integrasi Data\2014\Jateng\2010\Kabupaten Cilacap\Kecamatan Kawunganten\psn_kawunganten.shp,Jawa Tengah,Kawunganten,psn_kawunganten.shp,psn_kawunganten
F:\WP3WT\@ Integrasi Data\2014\Jateng\2010\Kabupaten Cilacap\Kecamatan Kesugihan\psn_kesugihan.shp,Jawa Tengah,Kesugihan,psn_kesugihan.shp,psn_kesugihan
F:\WP3WT\@ Integrasi Data\2014\Jateng\2010\Kabupaten Cilacap\Kecamatan Patimuan\psn_patimuan.shp,Jawa Tengah,Patimuan,psn_patimuan.shp,psn_patimuan
F:\WP3WT\@ Integrasi Data\2014\Jateng\2011\Brebes\Kecamatan Brebes\psn_brebes.shp,Jawa Tengah,Brebes,psn_brebes.shp,psn_brebes
F:\WP3WT\@ Integrasi Data\2014\Jateng\2011\Brebes\Kecamatan Bulakamba\psn_bulakamba.shp,Jawa Tengah,Bulakamba,psn_bulakamba.shp,psn_bulakamba
F:\WP3WT\@ Integrasi Data\2014\Jateng\2011\Brebes\Kecamatan Losari\psn_losari.shp,Jawa Tengah,Losari,psn_losari.shp,psn_losari
F:\WP3WT\@ Integrasi Data\2014\Jateng\2011\Brebes\Kecamatan Tanjung\psn_tanjung.shp,Jawa Tengah,Tanjung,psn_tanjung.shp,psn_tanjung
F:\WP3WT\@ Integrasi Data\2014\Jateng\2011\Brebes\Kecamatan Wanasari\psn_wanasari.shp,Jawa Tengah,Wanasari,psn_wanasari.shp,psn_wanasari
F:\WP3WT\@ Integrasi Data\2014\Jateng\2011\Cilacap\Kecamatan Cilacap Selatan\psn_cilacapselatan.shp,Jawa Tengah,Cilacap_Selatan,psn_cilacapselatan.shp,psn_cilacapselatan
F:\WP3WT\@ Integrasi Data\2014\Jateng\2011\Cilacap\Kecamatan Kampung Laut\psn_kampunglaut.shp,Jawa Tengah,Kampung_Laut,psn_kampunglaut.shp,psn_kampunglaut
F:\WP3WT\@ Integrasi Data\2014\Jateng\2011\Kota Tegal\Kecamatan Tegal Barat\psn_tegalbarat.shp,Jawa Tengah,Tegal_Barat,psn_tegalbarat.shp,psn_tegalbarat
F:\WP3WT\@ Integrasi Data\2014\Jateng\2011\Kota Tegal\Kecamatan Tegal Timur\psn_tegaltimur.shp,Jawa Tengah,Tegal_Timur,psn_tegaltimur.shp,psn_tegaltimur
F:\WP3WT\@ Integrasi Data\2014\Jateng\2011\Wonogiri\Kecamatan Paranggupito\psn_paranggupito.shp,Jawa Tengah,Paranggupito,psn_paranggupito.shp,psn_paranggupito
F:\WP3WT\@ Integrasi Data\2014\Jateng\2012\Kabupaten Purworejo\Kecamatan Grabak\psn_grabak.shp,Jawa Tengah,Grabak,psn_grabak.shp,psn_grabak
F:\WP3WT\@ Integrasi Data\2014\Jateng\2012\Kabupaten Purworejo\Kecamatan Ngombol\psn_ngombol.shp,Jawa Tengah,Ngombol,psn_ngombol.shp,psn_ngombol
F:\WP3WT\@ Integrasi Data\2014\Jateng\2012\Kabupaten Purworejo\Kecamatan Purwodadi\psn_purwodadi.shp,Jawa Tengah,Purwodadi,psn_purwodadi.shp,psn_purwodadi
F:\WP3WT\@ Integrasi Data\2014\Jateng\2012\Kabupaten Tegal\Kecamatan Keramat\psn_keramat.shp,Jawa Tengah,Keramat,psn_keramat.shp,psn_keramat
F:\WP3WT\@ Integrasi Data\2014\Jateng\2012\Kabupaten Tegal\Kecamatan Surodadi\psn_surodadi.shp,Jawa Tengah,Surodadi,psn_surodadi.shp,psn_surodadi
F:\WP3WT\@ Integrasi Data\2014\Jateng\2013\Kabupaten Pekalongan\Kecamatan Siwalan\psn_siwalan.shp,Jawa Tengah,Siwalan,psn_siwalan.shp,psn_siwalan
F:\WP3WT\@ Integrasi Data\2014\Jateng\2013\Kabupaten Pekalongan\Kecamatan Wonokerto\psn_wonokerto.shp,Jawa Tengah,Wonokerto,psn_wonokerto.shp,psn_wonokerto
F:\WP3WT\@ Integrasi Data\2014\Jateng\2013\Kabupaten Pemalang\Kecamatan Pemalang\psn_pemalang.shp,Jawa Tengah,Pemalang,psn_pemalang.shp,psn_pemalang
F:\WP3WT\@ Integrasi Data\2014\Jateng\2013\Kabupaten Pemalang\Kecamatan Taman\psn_taman.shp,Jawa Tengah,Taman,psn_taman.shp,psn_taman
F:\WP3WT\@ Integrasi Data\2014\Jateng\2013\Kabupaten Pemalang\Kecamatan Ulujami\psn_ulujami.shp,Jawa Tengah,Ulujami,psn_ulujami.shp,psn_ulujami
F:\WP3WT\@ Integrasi Data\2013\22 Kalsel\2010\Kabupaten Banjar\Kecamatan Aluh Aluh\psn_aluhAluh.shp,Kalimantan Selatan,Aluh,psn_aluhAluh.shp,psn_aluhAluh
F:\WP3WT\@ Integrasi Data\2013\22 Kalsel\2010\Kabupaten Tanah Laut\Kecamatan Bumi Makmur\psn_bumiMakmur.shp,Kalimantan Selatan,Bumi_Makmur,psn_bumiMakmur.shp,psn_bumiMakmur
F:\WP3WT\@ Integrasi Data\2013\22 Kalsel\2010\Kabupaten Tanah Laut\Kecamatan Kurau\psn_kurau.shp,Kalimantan Selatan,Kurau,psn_kurau.shp,psn_kurau
F:\WP3WT\@ Integrasi Data\2013\22 Kalsel\2011\Kabupaten Barito\Kecamatan Tabunganen\psn_tabunganen.shp,Kalimantan Selatan,Tabunganen,psn_tabunganen.shp,psn_tabunganen
F:\WP3WT\@ Integrasi Data\2013\22 Kalsel\2011\Kabupaten Tanah Bumbu\Kecamatan Satui\psn_satui.shp,Kalimantan Selatan,Satui,psn_satui.shp,psn_satui
F:\WP3WT\@ Integrasi Data\2013\22 Kalsel\2011\Kabupaten Tanah Bumbu\Kecamatan Sungai Loban\psn_sungaiLoban.shp,Kalimantan Selatan,Sungai_Loban,psn_sungaiLoban.shp,psn_sungaiLoban
F:\WP3WT\@ Integrasi Data\2013\22 Kalsel\2011\Kabupaten Tanah Laut\Kecamatan Panyipatan\psn_panyipatan.shp,Kalimantan Selatan,Panyipatan,psn_panyipatan.shp,psn_panyipatan
F:\WP3WT\@ Integrasi Data\2013\22 Kalsel\2011\Kabupaten Tanah Laut\Kecamatan Takisung\psn_takisung.shp,Kalimantan Selatan,Takisung,psn_takisung.shp,psn_takisung
F:\WP3WT\@ Integrasi Data\2013\22 Kalsel\2012\Kabupaten Kota Baru\Kecamatan Pulau Kelumpang Hilir\psn_KelumpangHilir.shp,Kalimantan Selatan,Pulau_Hilir,psn_KelumpangHilir.shp,psn_KelumpangHilir
F:\WP3WT\@ Integrasi Data\2013\22 Kalsel\2012\Kabupaten Kota Baru\Kecamatan Pulau Kelumpang Selatan\psn_kelumpangSelatan.shp,Kalimantan Selatan,Pulau_Selatan,psn_kelumpangSelatan.shp,psn_kelumpangSelatan
F:\WP3WT\@ Integrasi Data\2013\22 Kalsel\2012\Kabupaten Kota Baru\Kecamatan Pulau Laut Tengah\psn_pulauLautTengah.shp,Kalimantan Selatan,Pulau_Tengah,psn_pulauLautTengah.shp,psn_pulauLautTengah
F:\WP3WT\@ Integrasi Data\2013\22 Kalsel\2012\Kabupaten Kota Baru\Kecamatan Pulau Laut Timur\psn_pulauLautTimur.shp,Kalimantan Selatan,Pulau_Timur,psn_pulauLautTimur.shp,psn_pulauLautTimur
F:\WP3WT\@ Integrasi Data\2013\22 Kalsel\2012\Kabupaten Kota Baru\Kecamatan Pulau Laut Utara\psn_pulauLautUtara.shp,Kalimantan Selatan,Pulau_Utara,psn_pulauLautUtara.shp,psn_pulauLautUtara
F:\WP3WT\@ Integrasi Data\2013\22 Kalsel\2013\Kabupaten Kotabaru\Kecamatan Pulau Laut Barat\psn_pulauLautBarat.shp,Kalimantan Selatan,Pulau_Barat,psn_pulauLautBarat.shp,psn_pulauLautBarat
F:\WP3WT\@ Integrasi Data\2013\22 Kalsel\2013\Kabupaten Kotabaru\Kecamatan Pulau Laut Kepulauan\psn_pulauLautKepulauan.shp,Kalimantan Selatan,Pulau_Kepulauan,psn_pulauLautKepulauan.shp,psn_pulauLautKepulauan
F:\WP3WT\@ Integrasi Data\2013\22 Kalsel\2013\Kabupaten Kotabaru\Kecamatan Pulau Laut Selatan\psn_pulauLautSelatan.shp,Kalimantan Selatan,Pulau_Selatan,psn_pulauLautSelatan.shp,psn_pulauLautSelatan
F:\WP3WT\@ Integrasi Data\2014\Kalsel\2010\Kabupaten Banjar\Kecamatan Aluh Aluh\psn_aluhAluh.shp,Kalimantan Selatan,Aluh,psn_aluhAluh.shp,psn_aluhAluh
F:\WP3WT\@ Integrasi Data\2014\Kalsel\2010\Kabupaten Tanah Laut\Kecamatan Bumi Makmur\psn_bumiMakmur.shp,Kalimantan Selatan,Bumi_Makmur,psn_bumiMakmur.shp,psn_bumiMakmur
F:\WP3WT\@ Integrasi Data\2014\Kalsel\2010\Kabupaten Tanah Laut\Kecamatan Kurau\psn_kurau.shp,Kalimantan Selatan,Kurau,psn_kurau.shp,psn_kurau
F:\WP3WT\@ Integrasi Data\2014\Kalsel\2011\Kabupaten Barito\Kecamatan Tabunganen\psn_tabunganen.shp,Kalimantan Selatan,Tabunganen,psn_tabunganen.shp,psn_tabunganen
F:\WP3WT\@ Integrasi Data\2014\Kalsel\2011\Kabupaten Tanah Bumbu\Kecamatan Satui\psn_satui.shp,Kalimantan Selatan,Satui,psn_satui.shp,psn_satui
F:\WP3WT\@ Integrasi Data\2014\Kalsel\2011\Kabupaten Tanah Bumbu\Kecamatan Sungai Loban\psn_sungaiLoban.shp,Kalimantan Selatan,Sungai_Loban,psn_sungaiLoban.shp,psn_sungaiLoban
F:\WP3WT\@ Integrasi Data\2014\Kalsel\2011\Kabupaten Tanah Laut\Kecamatan Panyipatan\psn_panyipatan.shp,Kalimantan Selatan,Panyipatan,psn_panyipatan.shp,psn_panyipatan
F:\WP3WT\@ Integrasi Data\2014\Kalsel\2011\Kabupaten Tanah Laut\Kecamatan Takisung\psn_takisung.shp,Kalimantan Selatan,Takisung,psn_takisung.shp,psn_takisung
F:\WP3WT\@ Integrasi Data\2014\Kalsel\2012\Kabupaten Kota Baru\Kecamatan Pulau Kelumpang Hilir\psn_KelumpangHilir.shp,Kalimantan Selatan,Pulau_Hilir,psn_KelumpangHilir.shp,psn_KelumpangHilir
F:\WP3WT\@ Integrasi Data\2014\Kalsel\2012\Kabupaten Kota Baru\Kecamatan Pulau Kelumpang Selatan\psn_kelumpangSelatan.shp,Kalimantan Selatan,Pulau_Selatan,psn_kelumpangSelatan.shp,psn_kelumpangSelatan
F:\WP3WT\@ Integrasi Data\2014\Kalsel\2012\Kabupaten Kota Baru\Kecamatan Pulau Laut Tengah\psn_pulauLautTengah.shp,Kalimantan Selatan,Pulau_Tengah,psn_pulauLautTengah.shp,psn_pulauLautTengah
F:\WP3WT\@ Integrasi Data\2014\Kalsel\2012\Kabupaten Kota Baru\Kecamatan Pulau Laut Timur\psn_pulauLautTimur.shp,Kalimantan Selatan,Pulau_Timur,psn_pulauLautTimur.shp,psn_pulauLautTimur
F:\WP3WT\@ Integrasi Data\2014\Kalsel\2012\Kabupaten Kota Baru\Kecamatan Pulau Laut Utara\psn_pulauLautUtara.shp,Kalimantan Selatan,Pulau_Utara,psn_pulauLautUtara.shp,psn_pulauLautUtara
F:\WP3WT\@ Integrasi Data\2014\Kalsel\2013\Kabupaten Kotabaru\Kecamatan Pulau Laut Barat\psn_pulauLautBarat.shp,Kalimantan Selatan,Pulau_Barat,psn_pulauLautBarat.shp,psn_pulauLautBarat
F:\WP3WT\@ Integrasi Data\2014\Kalsel\2013\Kabupaten Kotabaru\Kecamatan Pulau Laut Kepulauan\psn_pulauLautKepulauan.shp,Kalimantan Selatan,Pulau_Kepulauan,psn_pulauLautKepulauan.shp,psn_pulauLautKepulauan
F:\WP3WT\@ Integrasi Data\2014\Kalsel\2013\Kabupaten Kotabaru\Kecamatan Pulau Laut Selatan\psn_pulauLautSelatan.shp,Kalimantan Selatan,Pulau_Selatan,psn_pulauLautSelatan.shp,psn_pulauLautSelatan
F:\WP3WT\Hasil Inventarisasi Daerah\@ Data Inventarisasi Daerah 2013-2014-2015-2016\2014\23. Kalimantan Selatan 2014\WP3WT-KALSEL_2014\Kecamatan Pulau Laut Tanjung Selayar\SHP\psn_pulau_laut_tanjung_selayar.shp,Kalimantan Selatan,Pulau_Selayar,psn_pulau_laut_tanjung_selayar.shp,psn_pulau_laut_tanjung_selayar
F:\WP3WT\Hasil Inventarisasi Daerah\@ Data Inventarisasi Daerah 2013-2014-2015-2016\2014\23. Kalimantan Selatan 2014\WP3WT-KALSEL_2014\Kecamatan Pulau Sebuku\SHP\psn_sebuku.shp,Kalimantan Selatan,Pulau_Sebuku,psn_sebuku.shp,psn_sebuku
F:\WP3WT\@ Integrasi Data\2013\23 Kaltim\2011\Kabupaten Berau\Kecamatan Batu Putih\psn_batuPutih.shp,Kalimantan Timur,Batu_Putih,psn_batuPutih.shp,psn_batuPutih
F:\WP3WT\@ Integrasi Data\2013\23 Kaltim\2011\Kabupaten Berau\Kecamatan Biduk Biduk\psn_bidukBiduk.shp,Kalimantan Timur,Biduk,psn_bidukBiduk.shp,psn_bidukBiduk
F:\WP3WT\@ Integrasi Data\2013\23 Kaltim\2011\Kabupaten Malinau\Kecamatan Bahau Hulu\psn_bahauHulu.shp,Kalimantan Timur,Bahau_Hulu,psn_bahauHulu.shp,psn_bahauHulu
F:\WP3WT\@ Integrasi Data\2013\23 Kaltim\2011\Kabupaten Malinau\Kecamatan Kayan Hilir\psn_kayanHilir.shp,Kalimantan Timur,Kayan_Hilir,psn_kayanHilir.shp,psn_kayanHilir
F:\WP3WT\@ Integrasi Data\2013\23 Kaltim\2011\Kabupaten Malinau\Kecamatan Pujungan\psn_pujungan (1).shp,Kalimantan Timur,Pujungan,psn_pujungan,psn_puju
F:\WP3WT\@ Integrasi Data\2013\23 Kaltim\2013\Kabupaten Paser\Kecamatan Grogot\psn_grogot.shp,Kalimantan Timur,Grogot,psn_grogot.shp,psn_grogot
F:\WP3WT\@ Integrasi Data\2013\23 Kaltim\2013\Kabupaten Paser\Kecamatan Tanjung Harapan\psn_tanjungHarapan.shp,Kalimantan Timur,Tanjung_Harapan,psn_tanjungHarapan.shp,psn_tanjungHarapan
F:\WP3WT\@ Integrasi Data\2014\Kaltim\2011\Kabupaten Berau\Kecamatan Batu Putih\psn_batuPutih.shp,Kalimantan Timur,Batu_Putih,psn_batuPutih.shp,psn_batuPutih
F:\WP3WT\@ Integrasi Data\2014\Kaltim\2011\Kabupaten Berau\Kecamatan Biduk Biduk\psn_bidukBiduk.shp,Kalimantan Timur,Biduk,psn_bidukBiduk.shp,psn_bidukBiduk
F:\WP3WT\@ Integrasi Data\2014\Kaltim\2011\Kabupaten Malinau\Kecamatan Bahau Hulu\psn_bahauHulu.shp,Kalimantan Timur,Bahau_Hulu,psn_bahauHulu.shp,psn_bahauHulu
F:\WP3WT\@ Integrasi Data\2014\Kaltim\2011\Kabupaten Malinau\Kecamatan Kayan Hilir\psn_kayanHilir.shp,Kalimantan Timur,Kayan_Hilir,psn_kayanHilir.shp,psn_kayanHilir
F:\WP3WT\@ Integrasi Data\2014\Kaltim\2011\Kabupaten Malinau\Kecamatan Pujungan\psn_pujungan (1).shp,Kalimantan Timur,Pujungan,psn_pujungan,psn_puju
F:\WP3WT\@ Integrasi Data\2014\Kaltim\2013\Kabupaten Paser\Kecamatan Grogot\psn_grogot.shp,Kalimantan Timur,Grogot,psn_grogot.shp,psn_grogot
F:\WP3WT\@ Integrasi Data\2014\Kaltim\2013\Kabupaten Paser\Kecamatan Tanjung Harapan\psn_tanjungHarapan.shp,Kalimantan Timur,Tanjung_Harapan,psn_tanjungHarapan.shp,psn_tanjungHarapan
F:\WP3WT\@ Integrasi Data\2013\26 Sulteng\2010\Kabupaten Parigi Moutong\Kecamatan Parigi Tengah\psn_parigiTengah.shp,Sulawesi Tengah,Parigi_Tengah,psn_parigiTengah.shp,psn_parigiTengah
F:\WP3WT\@ Integrasi Data\2013\26 Sulteng\2010\Kabupaten Parigi Moutong\Kecamatan Parigi Utara\psn_parigiUtara.shp,Sulawesi Tengah,Parigi_Utara,psn_parigiUtara.shp,psn_parigiUtara
F:\WP3WT\@ Integrasi Data\2013\26 Sulteng\2010\Kabupaten Tojo Una Una\Kecamatan Tojo\psn_tojo.shp,Sulawesi Tengah,Tojo,psn_tojo.shp,psn_tojo
F:\WP3WT\@ Integrasi Data\2013\26 Sulteng\2010\Kabupaten Tojo Una Una\Kecamatan Ulubongka\psn_ulubongka.shp,Sulawesi Tengah,Ulubongka,psn_ulubongka.shp,psn_ulubongka
F:\WP3WT\@ Integrasi Data\2013\26 Sulteng\2011\Banggai\Kecamatan Bunto\psn_bunta.shp,Sulawesi Tengah,Bunto,psn_bunta.shp,psn_bunta
F:\WP3WT\@ Integrasi Data\2013\26 Sulteng\2011\Banggai\Kecamatan Nuhon\psn_nuhon.shp,Sulawesi Tengah,Nuhon,psn_nuhon.shp,psn_nuhon
F:\WP3WT\@ Integrasi Data\2013\26 Sulteng\2011\Tojo Una-Una\Kecamatan Ampana Kota\psn_amapanaKota.shp,Sulawesi Tengah,Ampana_Kota,psn_amapanaKota.shp,psn_amapanaKota
F:\WP3WT\@ Integrasi Data\2013\26 Sulteng\2011\Tojo Una-Una\Kecamatan Ampana Tete\psn_ampanaTete.shp,Sulawesi Tengah,Ampana_Tete,psn_ampanaTete.shp,psn_ampanaTete
F:\WP3WT\@ Integrasi Data\2013\26 Sulteng\2011\Tojo Una-Una\Kecamatan Tojo Barat\psn_tojoBarat.shp,Sulawesi Tengah,Tojo_Barat,psn_tojoBarat.shp,psn_tojoBarat
F:\WP3WT\@ Integrasi Data\2013\26 Sulteng\2012\Kabupaten Parigi Mountong\Kecamatan Kasimbar\psn_kasimbar.shp,Sulawesi Tengah,Kasimbar,psn_kasimbar.shp,psn_kasimbar
F:\WP3WT\@ Integrasi Data\2013\26 Sulteng\2012\Kabupaten Parigi Mountong\Kecamatan Siniu\psn_siniu.shp,Sulawesi Tengah,Siniu,psn_siniu.shp,psn_siniu
F:\WP3WT\@ Integrasi Data\2013\26 Sulteng\2012\Kabupaten Parigi Mountong\Kecamatan Toribulu\psn_toribulu.shp,Sulawesi Tengah,Toribulu,psn_toribulu.shp,psn_toribulu
F:\WP3WT\@ Integrasi Data\2013\26 Sulteng\2013\Kabupaten Parigi Moutong\Kecamatan Balinggi\psn_balinggi.shp,Sulawesi Tengah,Balinggi,psn_balinggi.shp,psn_balinggi
F:\WP3WT\@ Integrasi Data\2013\26 Sulteng\2013\Kabupaten Parigi Moutong\Kecamatan Parigi\psn_parigi.shp,Sulawesi Tengah,Parigi,psn_parigi.shp,psn_parigi
F:\WP3WT\@ Integrasi Data\2013\26 Sulteng\2013\Kabupaten Parigi Moutong\Kecamatan Torue\psn_torue.shp,Sulawesi Tengah,Torue,psn_torue.shp,psn_torue
F:\WP3WT\@ Integrasi Data\2014\Sulteng\2010\Kabupaten Parigi Moutong\Kecamatan Parigi Tengah\psn_parigiTengah.shp,Sulawesi Tengah,Parigi_Tengah,psn_parigiTengah.shp,psn_parigiTengah
F:\WP3WT\@ Integrasi Data\2014\Sulteng\2010\Kabupaten Parigi Moutong\Kecamatan Parigi Utara\psn_parigiUtara.shp,Sulawesi Tengah,Parigi_Utara,psn_parigiUtara.shp,psn_parigiUtara
F:\WP3WT\@ Integrasi Data\2014\Sulteng\2010\Kabupaten Tojo Una Una\Kecamatan Tojo\psn_tojo.shp,Sulawesi Tengah,Tojo,psn_tojo.shp,psn_tojo
F:\WP3WT\@ Integrasi Data\2014\Sulteng\2010\Kabupaten Tojo Una Una\Kecamatan Ulubongka\psn_ulubongka.shp,Sulawesi Tengah,Ulubongka,psn_ulubongka.shp,psn_ulubongka
F:\WP3WT\@ Integrasi Data\2014\Sulteng\2011\Banggai\Kecamatan Bunto\psn_bunta.shp,Sulawesi Tengah,Bunto,psn_bunta.shp,psn_bunta
F:\WP3WT\@ Integrasi Data\2014\Sulteng\2011\Banggai\Kecamatan Nuhon\psn_nuhon.shp,Sulawesi Tengah,Nuhon,psn_nuhon.shp,psn_nuhon
F:\WP3WT\@ Integrasi Data\2014\Sulteng\2011\Tojo Una-Una\Kecamatan Ampana Kota\psn_amapanaKota.shp,Sulawesi Tengah,Ampana_Kota,psn_amapanaKota.shp,psn_amapanaKota
F:\WP3WT\@ Integrasi Data\2014\Sulteng\2011\Tojo Una-Una\Kecamatan Ampana Tete\psn_ampanaTete.shp,Sulawesi Tengah,Ampana_Tete,psn_ampanaTete.shp,psn_ampanaTete
F:\WP3WT\@ Integrasi Data\2014\Sulteng\2011\Tojo Una-Una\Kecamatan Tojo Barat\psn_tojoBarat.shp,Sulawesi Tengah,Tojo_Barat,psn_tojoBarat.shp,psn_tojoBarat
F:\WP3WT\@ Integrasi Data\2014\Sulteng\2012\Kabupaten Parigi Mountong\Kecamatan Kasimbar\psn_kasimbar.shp,Sulawesi Tengah,Kasimbar,psn_kasimbar.shp,psn_kasimbar
F:\WP3WT\@ Integrasi Data\2014\Sulteng\2012\Kabupaten Parigi Mountong\Kecamatan Siniu\psn_siniu.shp,Sulawesi Tengah,Siniu,psn_siniu.shp,psn_siniu
F:\WP3WT\@ Integrasi Data\2014\Sulteng\2012\Kabupaten Parigi Mountong\Kecamatan Toribulu\psn_toribulu.shp,Sulawesi Tengah,Toribulu,psn_toribulu.shp,psn_toribulu
F:\WP3WT\@ Integrasi Data\2014\Sulteng\2013\Kabupaten Parigi Moutong\Kecamatan Balinggi\psn_balinggi.shp,Sulawesi Tengah,Balinggi,psn_balinggi.shp,psn_balinggi
F:\WP3WT\@ Integrasi Data\2014\Sulteng\2013\Kabupaten Parigi Moutong\Kecamatan Parigi\psn_parigi.shp,Sulawesi Tengah,Parigi,psn_parigi.shp,psn_parigi
F:\WP3WT\@ Integrasi Data\2014\Sulteng\2013\Kabupaten Parigi Moutong\Kecamatan Torue\psn_torue.shp,Sulawesi Tengah,Torue,psn_torue.shp,psn_torue
F:\WP3WT\@ Integrasi Data\2013\3 Sumbar\2010\Kabupaten Pesisir Selatan\Kecamatan Batang Kapas\psn_batangKapas.shp,Sumatera Barat,Batang_Kapas,psn_batangKapas.shp,psn_batangKapas
F:\WP3WT\@ Integrasi Data\2013\3 Sumbar\2010\Kabupaten Pesisir Selatan\Kecamatan Sutera\psn_sutera.shp,Sumatera Barat,Sutera,psn_sutera.shp,psn_sutera
F:\WP3WT\@ Integrasi Data\2013\3 Sumbar\2011\Kabupaten Padang Pariaman\Kecamatan Nan Sabaris\psn_nanSabaris.shp,Sumatera Barat,Nan_Sabaris,psn_nanSabaris.shp,psn_nanSabaris
F:\WP3WT\@ Integrasi Data\2013\3 Sumbar\2011\Kabupaten Padang Pariaman\Kecamatan V Koto Kampung Dalam\psn_VKotoKampungDalam.shp,Sumatera Barat,V_Dalam,psn_VKotoKampungDalam.shp,psn_VKotoKampungDalam
F:\WP3WT\@ Integrasi Data\2013\3 Sumbar\2011\Kota Pariaman\Kecamatan Pariaman Selatan\psn_pariamanSelatan.shp,Sumatera Barat,Pariama_Selatan,psn_pariamanSelatan.shp,psn_pariamanSelatan
F:\WP3WT\@ Integrasi Data\2013\3 Sumbar\2011\Kota Pariaman\Kecamatan Pariaman Tengah\psn_pariamanTengah.shp,Sumatera Barat,Pariama_Tengah,psn_pariamanTengah.shp,psn_pariamanTengah
F:\WP3WT\@ Integrasi Data\2013\3 Sumbar\2011\Kota Pariaman\Kecamatan Pariaman Utara\psn_pariamanUtara.shp,Sumatera Barat,Pariama_Utara,psn_pariamanUtara.shp,psn_pariamanUtara
F:\WP3WT\@ Integrasi Data\2013\3 Sumbar\2012\Kabupaten Padang Pariaman\Kecamatan Batang Anai\psn_batangAnai.shp,Sumatera Barat,Batang_Anai,psn_batangAnai.shp,psn_batangAnai
F:\WP3WT\@ Integrasi Data\2013\3 Sumbar\2012\Kabupaten Padang Pariaman\Kecamatan Gasan Gadang\psn_gasanGadang.shp,Sumatera Barat,Gasan_Gadang,psn_gasanGadang.shp,psn_gasanGadang
F:\WP3WT\@ Integrasi Data\2013\3 Sumbar\2012\Kabupaten Padang Pariaman\Kecamatan Kinali\psn_kinali.shp,Sumatera Barat,Kinali,psn_kinali.shp,psn_kinali
F:\WP3WT\@ Integrasi Data\2013\3 Sumbar\2013\Kabupaten Pasaman Barat\Kecamatan Koto Balingka\psn_kotoBalingka.shp,Sumatera Barat,Koto_Balingka,psn_kotoBalingka.shp,psn_kotoBalingka
F:\WP3WT\@ Integrasi Data\2013\3 Sumbar\2013\Kabupaten Pasaman Barat\Kecamatan Luhak Nan Duo\psn_luhakNanDuo.shp,Sumatera Barat,Luhak_Duo,psn_luhakNanDuo.shp,psn_luhakNanDuo
F:\WP3WT\@ Integrasi Data\2013\3 Sumbar\2013\Kabupaten Pasaman Barat\Kecamatan Sasak Ranah Pasisie\psn_sasakRanahPasisie.shp,Sumatera Barat,Sasak_Pasisie,psn_sasakRanahPasisie.shp,psn_sasakRanahPasisie
F:\WP3WT\@ Integrasi Data\2013\3 Sumbar\2013\Kabupaten Pasaman Barat\Kecamatan Sungai Aua\psn_sungaiAua.shp,Sumatera Barat,Sungai_Aua,psn_sungaiAua.shp,psn_sungaiAua
F:\WP3WT\@ Integrasi Data\2014\Sumbar\2010\Kabupaten Pesisir Selatan\Kecamatan Batang Kapas\psn_batangKapas.shp,Sumatera Barat,Batang_Kapas,psn_batangKapas.shp,psn_batangKapas
F:\WP3WT\@ Integrasi Data\2014\Sumbar\2010\Kabupaten Pesisir Selatan\Kecamatan Sutera\psn_sutera.shp,Sumatera Barat,Sutera,psn_sutera.shp,psn_sutera
F:\WP3WT\@ Integrasi Data\2014\Sumbar\2011\Kabupaten Padang Pariaman\Kecamatan Nan Sabaris\psn_nanSabaris.shp,Sumatera Barat,Nan_Sabaris,psn_nanSabaris.shp,psn_nanSabaris
F:\WP3WT\@ Integrasi Data\2014\Sumbar\2011\Kabupaten Padang Pariaman\Kecamatan V Koto Kampung Dalam\psn_VKotoKampungDalam.shp,Sumatera Barat,V_Dalam,psn_VKotoKampungDalam.shp,psn_VKotoKampungDalam
F:\WP3WT\@ Integrasi Data\2014\Sumbar\2011\Kota Pariaman\Kecamatan Pariaman Selatan\psn_pariamanSelatan.shp,Sumatera Barat,Pariama_Selatan,psn_pariamanSelatan.shp,psn_pariamanSelatan
F:\WP3WT\@ Integrasi Data\2014\Sumbar\2011\Kota Pariaman\Kecamatan Pariaman Tengah\psn_pariamanTengah.shp,Sumatera Barat,Pariama_Tengah,psn_pariamanTengah.shp,psn_pariamanTengah
F:\WP3WT\@ Integrasi Data\2014\Sumbar\2011\Kota Pariaman\Kecamatan Pariaman Utara\psn_pariamanUtara.shp,Sumatera Barat,Pariama_Utara,psn_pariamanUtara.shp,psn_pariamanUtara
F:\WP3WT\@ Integrasi Data\2014\Sumbar\2012\Kabupaten Padang Pariaman\Kecamatan Batang Anai\psn_batangAnai.shp,Sumatera Barat,Batang_Anai,psn_batangAnai.shp,psn_batangAnai
F:\WP3WT\@ Integrasi Data\2014\Sumbar\2012\Kabupaten Padang Pariaman\Kecamatan Gasan Gadang\psn_gasanGadang.shp,Sumatera Barat,Gasan_Gadang,psn_gasanGadang.shp,psn_gasanGadang
F:\WP3WT\@ Integrasi Data\2014\Sumbar\2012\Kabupaten Padang Pariaman\Kecamatan Kinali\psn_kinali.shp,Sumatera Barat,Kinali,psn_kinali.shp,psn_kinali
F:\WP3WT\@ Integrasi Data\2014\Sumbar\2013\Kabupaten Pasaman Barat\Kecamatan Koto Balingka\psn_kotoBalingka.shp,Sumatera Barat,Koto_Balingka,psn_kotoBalingka.shp,psn_kotoBalingka
F:\WP3WT\@ Integrasi Data\2014\Sumbar\2013\Kabupaten Pasaman Barat\Kecamatan Luhak Nan Duo\psn_luhakNanDuo.shp,Sumatera Barat,Luhak_Duo,psn_luhakNanDuo.shp,psn_luhakNanDuo
F:\WP3WT\@ Integrasi Data\2014\Sumbar\2013\Kabupaten Pasaman Barat\Kecamatan Sasak Ranah Pasisie\psn_sasakRanahPasisie.shp,Sumatera Barat,Sasak_Pasisie,psn_sasakRanahPasisie.shp,psn_sasakRanahPasisie
F:\WP3WT\@ Integrasi Data\2014\Sumbar\2013\Kabupaten Pasaman Barat\Kecamatan Sungai Aua\psn_sungaiAua.shp,Sumatera Barat,Sungai_Aua,psn_sungaiAua.shp,psn_sungaiAua
F:\WP3WT\@ Integrasi Data\2013\30 Malut\2010\Kota Tidore Kepulauan\Kecamatan Tidore\psn_tidore.shp,Maluku Utara,Tidore,psn_tidore.shp,psn_tidore
F:\WP3WT\@ Integrasi Data\2013\30 Malut\2010\Kota Tidore Kepulauan\Kecamatan Tidore Selatan\psn_tidoreselatan.shp,Maluku Utara,Tidore_Selatan,psn_tidoreselatan.shp,psn_tidoreselatan
F:\WP3WT\@ Integrasi Data\2013\30 Malut\2010\Kota Tidore Kepulauan\Kecamatan Tidore Timur\psn_tidoretimur.shp,Maluku Utara,Tidore_Timur,psn_tidoretimur.shp,psn_tidoretimur
F:\WP3WT\@ Integrasi Data\2013\30 Malut\2010\Kota Tidore Kepulauan\Kecamatan Tidore Utara\psn_tidoreutara.shp,Maluku Utara,Tidore_Utara,psn_tidoreutara.shp,psn_tidoreutara
F:\WP3WT\@ Integrasi Data\2013\30 Malut\2011\Kabupaten Kepulauan Sula\Kecamatan Sanana\psn_sanana.shp,Maluku Utara,Sanana,psn_sanana.shp,psn_sanana
F:\WP3WT\@ Integrasi Data\2013\30 Malut\2011\Kabupaten Kepulauan Sula\Kecamatan Sanana Utara\psn_sananaUtara.shp,Maluku Utara,Sanana_Utara,psn_sananaUtara.shp,psn_sananaUtara
F:\WP3WT\@ Integrasi Data\2013\30 Malut\2011\Kabupaten Kepulauan Sula\Kecamatan Sulabesi Barat\psn_sulabesiBarat.shp,Maluku Utara,Sulabes_Barat,psn_sulabesiBarat.shp,psn_sulabesiBarat
F:\WP3WT\@ Integrasi Data\2013\30 Malut\2012\Kabupaten Halmahera Utara\Kecamatan Galela\psn_galela.shp,Maluku Utara,Galela,psn_galela.shp,psn_galela
F:\WP3WT\@ Integrasi Data\2013\30 Malut\2012\Kabupaten Halmahera Utara\Kecamatan Tobelo\psn_tobelo.shp,Maluku Utara,Tobelo,psn_tobelo.shp,psn_tobelo
F:\WP3WT\@ Integrasi Data\2013\30 Malut\2012\Kabupaten Halmahera Utara\Kecamatan Tobelo Selatan\psn_tobeloSelatan.shp,Maluku Utara,Tobelo_Selatan,psn_tobeloSelatan.shp,psn_tobeloSelatan
F:\WP3WT\@ Integrasi Data\2013\30 Malut\2012\Kabupaten Halmahera Utara\Kecamatan Tobelo Tengah\psn_tobeloTengah.shp,Maluku Utara,Tobelo_Tengah,psn_tobeloTengah.shp,psn_tobeloTengah
F:\WP3WT\@ Integrasi Data\2013\30 Malut\2012\Kabupaten Halmahera Utara\Kecamatan Tobelo Timur\psn_tobeloTimur.shp,Maluku Utara,Tobelo_Timur,psn_tobeloTimur.shp,psn_tobeloTimur
F:\WP3WT\@ Integrasi Data\2013\30 Malut\2012\Kabupaten Halmahera Utara\Kecamatan Tobelo Utara\psn_tobeloUtara.shp,Maluku Utara,Tobelo_Utara,psn_tobeloUtara.shp,psn_tobeloUtara
F:\WP3WT\@ Integrasi Data\2013\30 Malut\2013\Kabupaten Halmahera Selatan\Kecamatan Bacan\psn_bacan.shp,Maluku Utara,Bacan,psn_bacan.shp,psn_bacan
F:\WP3WT\@ Integrasi Data\2013\30 Malut\2013\Kabupaten Halmahera Selatan\Kecamatan Bacan Barat Utara\psn_bacanBaratUtara.shp,Maluku Utara,Bacan_Utara,psn_bacanBaratUtara.shp,psn_bacanBaratUtara
F:\WP3WT\@ Integrasi Data\2013\30 Malut\2013\Kabupaten Halmahera Selatan\Kecamatan Bacan Selatan\psn_bacanSelatan.shp,Maluku Utara,Bacan_Selatan,psn_bacanSelatan.shp,psn_bacanSelatan
F:\WP3WT\@ Integrasi Data\2013\30 Malut\2013\Kabupaten Halmahera Selatan\Kecamatan Bacan Timur\psn_bacanTimur.shp,Maluku Utara,Bacan_Timur,psn_bacanTimur.shp,psn_bacanTimur
F:\WP3WT\@ Integrasi Data\2014\Malut\2010\Kota Tidore Kepulauan\Kecamatan Tidore\psn_tidore.shp,Maluku Utara,Tidore,psn_tidore.shp,psn_tidore
F:\WP3WT\@ Integrasi Data\2014\Malut\2010\Kota Tidore Kepulauan\Kecamatan Tidore Selatan\psn_tidoreselatan.shp,Maluku Utara,Tidore_Selatan,psn_tidoreselatan.shp,psn_tidoreselatan
F:\WP3WT\@ Integrasi Data\2014\Malut\2010\Kota Tidore Kepulauan\Kecamatan Tidore Timur\psn_tidoretimur.shp,Maluku Utara,Tidore_Timur,psn_tidoretimur.shp,psn_tidoretimur
F:\WP3WT\@ Integrasi Data\2014\Malut\2010\Kota Tidore Kepulauan\Kecamatan Tidore Utara\psn_tidoreutara.shp,Maluku Utara,Tidore_Utara,psn_tidoreutara.shp,psn_tidoreutara
F:\WP3WT\@ Integrasi Data\2014\Malut\2011\Kabupaten Kepulauan Sula\Kecamatan Sanana\psn_sanana.shp,Maluku Utara,Sanana,psn_sanana.shp,psn_sanana
F:\WP3WT\@ Integrasi Data\2014\Malut\2011\Kabupaten Kepulauan Sula\Kecamatan Sanana Utara\psn_sananaUtara.shp,Maluku Utara,Sanana_Utara,psn_sananaUtara.shp,psn_sananaUtara
F:\WP3WT\@ Integrasi Data\2014\Malut\2011\Kabupaten Kepulauan Sula\Kecamatan Sulabesi Barat\psn_sulabesiBarat.shp,Maluku Utara,Sulabes_Barat,psn_sulabesiBarat.shp,psn_sulabesiBarat
F:\WP3WT\@ Integrasi Data\2014\Malut\2012\Kabupaten Halmahera Utara\Kecamatan Galela\psn_galela.shp,Maluku Utara,Galela,psn_galela.shp,psn_galela
F:\WP3WT\@ Integrasi Data\2014\Malut\2012\Kabupaten Halmahera Utara\Kecamatan Tobelo\psn_tobelo.shp,Maluku Utara,Tobelo,psn_tobelo.shp,psn_tobelo
F:\WP3WT\@ Integrasi Data\2014\Malut\2012\Kabupaten Halmahera Utara\Kecamatan Tobelo Selatan\psn_tobeloSelatan.shp,Maluku Utara,Tobelo_Selatan,psn_tobeloSelatan.shp,psn_tobeloSelatan
F:\WP3WT\@ Integrasi Data\2014\Malut\2012\Kabupaten Halmahera Utara\Kecamatan Tobelo Tengah\psn_tobeloTengah.shp,Maluku Utara,Tobelo_Tengah,psn_tobeloTengah.shp,psn_tobeloTengah
F:\WP3WT\@ Integrasi Data\2014\Malut\2012\Kabupaten Halmahera Utara\Kecamatan Tobelo Timur\psn_tobeloTimur.shp,Maluku Utara,Tobelo_Timur,psn_tobeloTimur.shp,psn_tobeloTimur
F:\WP3WT\@ Integrasi Data\2014\Malut\2012\Kabupaten Halmahera Utara\Kecamatan Tobelo Utara\psn_tobeloUtara.shp,Maluku Utara,Tobelo_Utara,psn_tobeloUtara.shp,psn_tobeloUtara
F:\WP3WT\@ Integrasi Data\2014\Malut\2013\Kabupaten Halmahera Selatan\Kecamatan Bacan\psn_bacan.shp,Maluku Utara,Bacan,psn_bacan.shp,psn_bacan
F:\WP3WT\@ Integrasi Data\2014\Malut\2013\Kabupaten Halmahera Selatan\Kecamatan Bacan Barat Utara\psn_bacanBaratUtara.shp,Maluku Utara,Bacan_Utara,psn_bacanBaratUtara.shp,psn_bacanBaratUtara
F:\WP3WT\@ Integrasi Data\2014\Malut\2013\Kabupaten Halmahera Selatan\Kecamatan Bacan Selatan\psn_bacanSelatan.shp,Maluku Utara,Bacan_Selatan,psn_bacanSelatan.shp,psn_bacanSelatan
F:\WP3WT\@ Integrasi Data\2014\Malut\2013\Kabupaten Halmahera Selatan\Kecamatan Bacan Timur\psn_bacanTimur.shp,Maluku Utara,Bacan_Timur,psn_bacanTimur.shp,psn_bacanTimur
F:\WP3WT\@ Integrasi Data\2013\4 Riau\2010\Kabupaten Bengkalis\Kecamatan Rupat\psn_rupat.shp,Riau,Rupat,psn_rupat.shp,psn_rupat
F:\WP3WT\@ Integrasi Data\2013\4 Riau\2010\Kabupaten Bengkalis\Kecamatan Rupat Utara\psn_rupatUtara.shp,Riau,Rupat_Utara,psn_rupatUtara.shp,psn_rupatUtara
F:\WP3WT\@ Integrasi Data\2013\4 Riau\2010\Kabupaten Dumai\Kecamatan Dumai Barat\psn_dumaiBarat.shp,Riau,Dumai_Barat,psn_dumaiBarat.shp,psn_dumaiBarat
F:\WP3WT\@ Integrasi Data\2013\4 Riau\2010\Kabupaten Dumai\Kecamatan Dumai Timur\psn_dumaiTimur.shp,Riau,Dumai_Timur,psn_dumaiTimur.shp,psn_dumaiTimur
F:\WP3WT\@ Integrasi Data\2013\4 Riau\2011\Kabupaten Bengkalis\Kecamatan Bantan\psn_bantan.shp,Riau,Bantan,psn_bantan.shp,psn_bantan
F:\WP3WT\@ Integrasi Data\2013\4 Riau\2011\Kabupaten Bengkalis\Kecamatan Bengkalis\psn_bengkalis.shp,Riau,Bengkalis,psn_bengkalis.shp,psn_bengkalis
F:\WP3WT\@ Integrasi Data\2013\4 Riau\2011\Kabupaten Dumai\Kecamatan Medang Kampai\psn_medangKampai.shp,Riau,Medang_Kampai,psn_medangKampai.shp,psn_medangKampai
F:\WP3WT\@ Integrasi Data\2013\4 Riau\2011\Kabupaten Dumai\Kecamatan Sungai Sembilan\psn_sungaiSembilan.shp,Riau,Sungai_Sembilan,psn_sungaiSembilan.shp,psn_sungaiSembilan
F:\WP3WT\@ Integrasi Data\2013\4 Riau\2012\Kabupaten Indragiri Hilir\Kecamatan Kateman\psn_kateman.shp,Riau,Kateman,psn_kateman.shp,psn_kateman
F:\WP3WT\@ Integrasi Data\2013\4 Riau\2012\Kabupaten Indragiri Hilir\Kecamatan Mandah\psn_mandah.shp,Riau,Mandah,psn_mandah.shp,psn_mandah
F:\WP3WT\@ Integrasi Data\2013\4 Riau\2012\Kabupaten Indragiri Hilir\Kecamatan Pulau Burung\psn_pulauBurung.shp,Riau,Pulau_Burung,psn_pulauBurung.shp,psn_pulauBurung
F:\WP3WT\@ Integrasi Data\2013\4 Riau\2012\Kabupaten Rokan Hilir\Kecamatan Bangko\psn_bangko.shp,Riau,Bangko,psn_bangko.shp,psn_bangko
F:\WP3WT\@ Integrasi Data\2013\4 Riau\2012\Kabupaten Rokan Hilir\Kecamatan Pekaitan\psn_pekaitan.shp,Riau,Pekaitan,psn_pekaitan.shp,psn_pekaitan
F:\WP3WT\@ Integrasi Data\2013\4 Riau\2012\Kabupaten Rokan Hilir\Kecamatan Sinaboi\psn_sinaboi.shp,Riau,Sinaboi,psn_sinaboi.shp,psn_sinaboi
F:\WP3WT\@ Integrasi Data\2013\4 Riau\2013\Kabupaten Bengkalis\Kecamatan Siak Kecil\psn_siakKecil.shp,Riau,Siak_Kecil,psn_siakKecil.shp,psn_siakKecil
F:\WP3WT\@ Integrasi Data\2013\4 Riau\2013\Kabupaten Meranti\Kecamatan Rangsang Barat\psn_rangsangBarat.shp,Riau,Rangsan_Barat,psn_rangsangBarat.shp,psn_rangsangBarat
F:\WP3WT\@ Integrasi Data\2013\4 Riau\2013\Kabupaten Meranti\Kecamatan Tebing Tinggi Kota\psn_tebingTinggiKota.shp,Riau,Tebing_Kota,psn_tebingTinggiKota.shp,psn_tebingTinggiKota
F:\WP3WT\@ Integrasi Data\2013\4 Riau\2013\Kabupaten Meranti\Kecamatan Tebing Tinggi Timur\psn_tebingtinggiTimur.shp,Riau,Tebing_Timur,psn_tebingtinggiTimur.shp,psn_tebingtinggiTimur
F:\WP3WT\@ Integrasi Data\2014\Riau\2010\Kabupaten Bengkalis\Kecamatan Rupat\psn_rupat.shp,Riau,Rupat,psn_rupat.shp,psn_rupat
F:\WP3WT\@ Integrasi Data\2014\Riau\2010\Kabupaten Bengkalis\Kecamatan Rupat Utara\psn_rupatUtara.shp,Riau,Rupat_Utara,psn_rupatUtara.shp,psn_rupatUtara
F:\WP3WT\@ Integrasi Data\2014\Riau\2010\Kabupaten Dumai\Kecamatan Dumai Barat\psn_dumaiBarat.shp,Riau,Dumai_Barat,psn_dumaiBarat.shp,psn_dumaiBarat
F:\WP3WT\@ Integrasi Data\2014\Riau\2010\Kabupaten Dumai\Kecamatan Dumai Timur\psn_dumaiTimur.shp,Riau,Dumai_Timur,psn_dumaiTimur.shp,psn_dumaiTimur
F:\WP3WT\@ Integrasi Data\2014\Riau\2011\Kabupaten Bengkalis\Kecamatan Bantan\psn_bantan.shp,Riau,Bantan,psn_bantan.shp,psn_bantan
F:\WP3WT\@ Integrasi Data\2014\Riau\2011\Kabupaten Bengkalis\Kecamatan Bengkalis\psn_bengkalis.shp,Riau,Bengkalis,psn_bengkalis.shp,psn_bengkalis
F:\WP3WT\@ Integrasi Data\2014\Riau\2011\Kabupaten Dumai\Kecamatan Medang Kampai\psn_medangKampai.shp,Riau,Medang_Kampai,psn_medangKampai.shp,psn_medangKampai
F:\WP3WT\@ Integrasi Data\2014\Riau\2011\Kabupaten Dumai\Kecamatan Sungai Sembilan\psn_sungaiSembilan.shp,Riau,Sungai_Sembilan,psn_sungaiSembilan.shp,psn_sungaiSembilan
F:\WP3WT\@ Integrasi Data\2014\Riau\2012\Kabupaten Indragiri Hilir\Kecamatan Kateman\psn_kateman.shp,Riau,Kateman,psn_kateman.shp,psn_kateman
F:\WP3WT\@ Integrasi Data\2014\Riau\2012\Kabupaten Indragiri Hilir\Kecamatan Mandah\psn_mandah.shp,Riau,Mandah,psn_mandah.shp,psn_mandah
F:\WP3WT\@ Integrasi Data\2014\Riau\2012\Kabupaten Indragiri Hilir\Kecamatan Pulau Burung\psn_pulauBurung.shp,Riau,Pulau_Burung,psn_pulauBurung.shp,psn_pulauBurung
F:\WP3WT\@ Integrasi Data\2014\Riau\2012\Kabupaten Rokan Hilir\Kecamatan Bangko\psn_bangko.shp,Riau,Bangko,psn_bangko.shp,psn_bangko
F:\WP3WT\@ Integrasi Data\2014\Riau\2012\Kabupaten Rokan Hilir\Kecamatan Pekaitan\psn_pekaitan.shp,Riau,Pekaitan,psn_pekaitan.shp,psn_pekaitan
F:\WP3WT\@ Integrasi Data\2014\Riau\2012\Kabupaten Rokan Hilir\Kecamatan Sinaboi\psn_sinaboi.shp,Riau,Sinaboi,psn_sinaboi.shp,psn_sinaboi
F:\WP3WT\@ Integrasi Data\2014\Riau\2013\Kabupaten Bengkalis\Kecamatan Siak Kecil\psn_siakKecil.shp,Riau,Siak_Kecil,psn_siakKecil.shp,psn_siakKecil
F:\WP3WT\@ Integrasi Data\2014\Riau\2013\Kabupaten Meranti\Kecamatan Rangsang Barat\psn_rangsangBarat.shp,Riau,Rangsan_Barat,psn_rangsangBarat.shp,psn_rangsangBarat
F:\WP3WT\@ Integrasi Data\2014\Riau\2013\Kabupaten Meranti\Kecamatan Tebing Tinggi Kota\psn_tebingTinggiKota.shp,Riau,Tebing_Kota,psn_tebingTinggiKota.shp,psn_tebingTinggiKota
F:\WP3WT\@ Integrasi Data\2014\Riau\2013\Kabupaten Meranti\Kecamatan Tebing Tinggi Timur\psn_tebingtinggiTimur.shp,Riau,Tebing_Timur,psn_tebingtinggiTimur.shp,psn_tebingtinggiTimur
F:\WP3WT\@ Integrasi Data\2013\5 Jambi\2010\Kab. Tanjung Jabung Barat\Kec. Kuala Betara\psn_kuala_betara.shp,Jambi,Kuala_Betara,psn_kuala_betara.shp,psn_kuala_betara
F:\WP3WT\@ Integrasi Data\2013\5 Jambi\2010\Kab. Tanjung Jabung Barat\Kec. Tungkal Ilir\psn_tungkal_ilir.shp,Jambi,Tungkal_Ilir,psn_tungkal_ilir.shp,psn_tungkal_ilir
F:\WP3WT\@ Integrasi Data\2013\5 Jambi\2010\Kab. Tanjung Jabung Timur\Kec. Kuala Jambi\psn_kuala_jambi.shp,Jambi,Kuala_Jambi,psn_kuala_jambi.shp,psn_kuala_jambi
F:\WP3WT\@ Integrasi Data\2013\5 Jambi\2010\Kab. Tanjung Jabung Timur\Kec. Mendahara\psn_mendahara.shp,Jambi,Mendahara,psn_mendahara.shp,psn_mendahara
F:\WP3WT\@ Integrasi Data\2013\5 Jambi\2011\Kab. Tanjung Jabung Timur\Kec. Muara Sabak Timur\psn_muara_sabak_timur.shp,Jambi,Muara_Timur,psn_muara_sabak_timur.shp,psn_muara_sabak_timur
F:\WP3WT\@ Integrasi Data\2013\5 Jambi\2011\Kab. Tanjung Jabung Timur\Kec. Nipah Panjang\psn_nipah panjang.shp,Jambi,Nipah_Panjang,psn_nipah,psn_nipah
F:\WP3WT\@ Integrasi Data\2013\5 Jambi\2011\Kab. Tanjung Jabung Timur\Kec. Nipah Panjang\psn_pulau nipah panjang.shp,Jambi,Nipah_Panjang,psn_pulau,psn_pulau
F:\WP3WT\@ Integrasi Data\2013\5 Jambi\2011\Kab. Tanjung Jabung Timur\Kec. Sadu\psn_pulau berhala.shp,Jambi,Sadu,psn_pulau,psn_pulau
F:\WP3WT\@ Integrasi Data\2013\5 Jambi\2012\Kab. Kerinci\Kec. Danau Kerinci\psn_danau kerinci.shp,Jambi,Danau_Kerinci,psn_danau_kerinci,psn_danau_kerinci
F:\WP3WT\@ Integrasi Data\2013\5 Jambi\2012\Kab. Kerinci\Kec. Keliling Danau\psn_keliling_danau.shp,Jambi,Keliling_Danau,psn_keliling_danau.shp,psn_keliling_danau
F:\WP3WT\@ Integrasi Data\2013\5 Jambi\2012\Kab. Tanjung Jabung Barat\Kec. Seberang Kota\psn_seberang_kota.shp,Jambi,Seberang_Kota,psn_seberang_kota.shp,psn_seberang_kota
F:\WP3WT\@ Integrasi Data\2013\5 Jambi\2013\Kab. Tanjung Jabung Timur\Kec. Sadu\psn_sadu.shp,Jambi,Sadu,psn_sadu.shp,psn_sadu
F:\WP3WT\@ Integrasi Data\2013\5 Jambi\2013\Kota Jambi\Kec. Danau Teluk\psn_danau_teluk.shp,Jambi,Danau_Teluk,psn_danau_teluk.shp,psn_danau_teluk
F:\WP3WT\@ Integrasi Data\2014\Jambi\2010\Kab. Tanjung Jabung Barat\Kec. Kuala Betara\psn_kuala_betara.shp,Jambi,Kuala_Betara,psn_kuala_betara.shp,psn_kuala_betara
F:\WP3WT\@ Integrasi Data\2014\Jambi\2010\Kab. Tanjung Jabung Barat\Kec. Tungkal Ilir\psn_tungkal_ilir.shp,Jambi,Tungkal_Ilir,psn_tungkal_ilir.shp,psn_tungkal_ilir
F:\WP3WT\@ Integrasi Data\2014\Jambi\2010\Kab. Tanjung Jabung Timur\Kec. Kuala Jambi\psn_kuala_jambi.shp,Jambi,Kuala_Jambi,psn_kuala_jambi.shp,psn_kuala_jambi
F:\WP3WT\@ Integrasi Data\2014\Jambi\2010\Kab. Tanjung Jabung Timur\Kec. Mendahara\psn_mendahara.shp,Jambi,Mendahara,psn_mendahara.shp,psn_mendahara
F:\WP3WT\@ Integrasi Data\2014\Jambi\2011\Kab. Tanjung Jabung Timur\Kec. Muara Sabak Timur\psn_muara_sabak_timur.shp,Jambi,Muara_Timur,psn_muara_sabak_timur.shp,psn_muara_sabak_timur
F:\WP3WT\@ Integrasi Data\2014\Jambi\2011\Kab. Tanjung Jabung Timur\Kec. Nipah Panjang\psn_nipah panjang.shp,Jambi,Nipah_Panjang,psn_nipah,psn_nipah
F:\WP3WT\@ Integrasi Data\2014\Jambi\2011\Kab. Tanjung Jabung Timur\Kec. Nipah Panjang\psn_pulau nipah panjang.shp,Jambi,Nipah_Panjang,psn_pulau,psn_pulau
F:\WP3WT\@ Integrasi Data\2014\Jambi\2011\Kab. Tanjung Jabung Timur\Kec. Sadu\psn_pulau berhala.shp,Jambi,Sadu,psn_pulau,psn_pulau
F:\WP3WT\@ Integrasi Data\2014\Jambi\2012\Kab. Kerinci\Kec. Danau Kerinci\psn_danau kerinci.shp,Jambi,Danau_Kerinci,psn_danau,psn_danau_kerinci
F:\WP3WT\@ Integrasi Data\2014\Jambi\2012\Kab. Kerinci\Kec. Keliling Danau\psn_keliling_danau.shp,Jambi,Keliling_Danau,psn_keliling_danau.shp,psn_keliling_danau
F:\WP3WT\@ Integrasi Data\2014\Jambi\2012\Kab. Tanjung Jabung Barat\Kec. Seberang Kota\psn_seberang_kota.shp,Jambi,Seberang_Kota,psn_seberang_kota.shp,psn_seberang_kota
F:\WP3WT\@ Integrasi Data\2014\Jambi\2013\Kab. Tanjung Jabung Timur\Kec. Sadu\psn_sadu.shp,Jambi,Sadu,psn_sadu.shp,psn_sadu
F:\WP3WT\@ Integrasi Data\2014\Jambi\2013\Kota Jambi\Kec. Danau Teluk\psn_danau_teluk.shp,Jambi,Danau_Teluk,psn_danau_teluk.shp,psn_danau_teluk
F:\WP3WT\@ Integrasi Data\2015\INTEGRASI BABEL 2015\2010\Kabupaten Bangka\Kecamatan Merawang\psn_merawang.shp,Bangka Belitung,Merawang,psn_merawang.shp,psn_merawang
F:\WP3WT\@ Integrasi Data\2015\INTEGRASI BABEL 2015\2010\Kabupaten Bangka Tengah\Kecamatan Namang\psn_namang.shp,Bangka Belitung,Namang,psn_namang.shp,psn_namang
F:\WP3WT\@ Integrasi Data\2015\INTEGRASI BABEL 2015\2010\Kabupaten Bangka Tengah\Kecamatan Pangkalan Baru\psn_pangkalanBaru.shp,Bangka Belitung,Pangkal_Baru,psn_pangkalanBaru.shp,psn_pangkalanBaru
F:\WP3WT\@ Integrasi Data\2015\INTEGRASI BABEL 2015\2010\Kota Pangkal Pinang\Kecamatan Bukit Intan\psn_bukitIntan.shp,Bangka Belitung,Bukit_Intan,psn_bukitIntan.shp,psn_bukitIntan
F:\WP3WT\@ Integrasi Data\2015\INTEGRASI BABEL 2015\2011\Kabupaten Bangka Selatan\Kecamatan Air Gegas\psn_airGegas.shp,Bangka Belitung,Air_Gegas,psn_airGegas.shp,psn_airGegas
F:\WP3WT\@ Integrasi Data\2015\INTEGRASI BABEL 2015\2011\Kabupaten Bangka Selatan\Kecamatan Toboali\psn_toboali.shp,Bangka Belitung,Toboali,psn_toboali.shp,psn_toboali
F:\WP3WT\@ Integrasi Data\2015\INTEGRASI BABEL 2015\2011\Kabupaten Bangka Tengah\Kecamatan Koba\psn_koba.shp,Bangka Belitung,Koba,psn_koba.shp,psn_koba
F:\WP3WT\@ Integrasi Data\2015\INTEGRASI BABEL 2015\2011\Kabupaten Bangka Tengah\Kecamatan Lubuk Besar\psn_lubukBesar.shp,Bangka Belitung,Lubuk_Besar,psn_lubukBesar.shp,psn_lubukBesar
F:\WP3WT\@ Integrasi Data\2015\INTEGRASI BABEL 2015\2012\Kabupaten Bangka\Kecamatan Mendo Barat\psn_mendoBarat.shp,Bangka Belitung,Mendo_Barat,psn_mendoBarat.shp,psn_mendoBarat
F:\WP3WT\@ Integrasi Data\2015\INTEGRASI BABEL 2015\2012\Kabupaten Bangka\Kecamatan Puding Besar\psn_pudingBesar.shp,Bangka Belitung,Puding_Besar,psn_pudingBesar.shp,psn_pudingBesar
F:\WP3WT\@ Integrasi Data\2015\INTEGRASI BABEL 2015\2012\Kabupaten Bangka Barat\Kecamatan Tempilang\psn_tempilang.shp,Bangka Belitung,Tempilang,psn_tempilang.shp,psn_tempilang
F:\WP3WT\@ Integrasi Data\2015\INTEGRASI BABEL 2015\2012\Kabupaten Bangka Selatan\Kecamatan Pulau Besar\psn_pulauBesar.shp,Bangka Belitung,Pulau_Besar,psn_pulauBesar.shp,psn_pulauBesar
F:\WP3WT\@ Integrasi Data\2015\INTEGRASI BABEL 2015\2012\Kabupaten Bangka Selatan\Kecamatan Simpang Rimba\psn_simpangRimba.shp,Bangka Belitung,Simpang_Rimba,psn_simpangRimba.shp,psn_simpangRimba
F:\WP3WT\@ Integrasi Data\2015\INTEGRASI BABEL 2015\2012\Kabupaten Bangka Tengah\Kecamatan Sungai Selan\psn_sungaiSelan.shp,Bangka Belitung,Sungai_Selan,psn_sungaiSelan.shp,psn_sungaiSelan
F:\WP3WT\@ Integrasi Data\2015\INTEGRASI BABEL 2015\2013\Kabupaten Bangka Barat\Kecamatan Jebus\psn_jebus.shp,Bangka Belitung,Jebus,psn_jebus.shp,psn_jebus
F:\WP3WT\@ Integrasi Data\2015\INTEGRASI BABEL 2015\2013\Kabupaten Bangka Barat\Kecamatan Kelapa\psn_kelapa.shp,Bangka Belitung,Kelapa,psn_kelapa.shp,psn_kelapa
F:\WP3WT\@ Integrasi Data\2015\INTEGRASI BABEL 2015\2013\Kabupaten Bangka Barat\Kecamatan Muntok\psn_muntok.shp,Bangka Belitung,Muntok,psn_muntok.shp,psn_muntok
F:\WP3WT\@ Integrasi Data\2015\INTEGRASI BABEL 2015\2013\Kabupaten Bangka Barat\Kecamatan Parittiga\psn_parittiga.shp,Bangka Belitung,Parittiga,psn_parittiga.shp,psn_parittiga
F:\WP3WT\@ Integrasi Data\2015\INTEGRASI BABEL 2015\2013\Kabupaten Bangka Barat\Kecamatan Simpang Teritip\psn_simpangTeritip.shp,Bangka Belitung,Simpang_Teritip,psn_simpangTeritip.shp,psn_simpangTeritip
F:\WP3WT\@ Integrasi Data\2015\INTEGRASI BABEL 2015\2014\Kabupaten Bangka\Kecamatan Belinyu\psn_belinyu.shp,Bangka Belitung,Belinyu,psn_belinyu.shp,psn_belinyu
F:\WP3WT\@ Integrasi Data\2015\INTEGRASI BABEL 2015\2014\Kabupaten Bangka\Kecamatan Riau Silip\psn_riauSilip.shp,Bangka Belitung,Riau_Silip,psn_riauSilip.shp,psn_riauSilip
F:\WP3WT\@ Integrasi Data\2015\INTEGRASI BABEL 2015\2014\Kabupaten Belitung\Kecamatan Badau\psn_badau.shp,Bangka Belitung,Badau,psn_badau.shp,psn_badau
F:\WP3WT\@ Integrasi Data\2015\INTEGRASI BABEL 2015\2014\Kabupaten Belitung\Kecamatan Membalong\psn_membalong.shp,Bangka Belitung,Membalong,psn_membalong.shp,psn_membalong
F:\WP3WT\@ Integrasi Data\2015\INTEGRASI BABEL 2015\2014\Kabupaten Belitung\Kecamatan Sijuk\psn_sijuk.shp,Bangka Belitung,Sijuk,psn_sijuk.shp,psn_sijuk
F:\WP3WT\Hasil Inventarisasi Daerah\@ Data Inventarisasi Daerah 2013-2014-2015-2016\2014\8. Bangka Belitung 2014\Inventarisasi Wilayah Pesisir Babel 2014\1. Spasial\SHP\Kab. Bangka\Kec. Riau Silip\psn_riausilip.shp,Bangka Belitung,Riau_Silip,psn_riausilip.shp,psn_riausilip
F:\WP3WT\Hasil Inventarisasi Daerah\@ Data Inventarisasi Daerah 2013-2014-2015-2016\2014\8. Bangka Belitung 2014\Inventarisasi Wilayah Pesisir Babel 2014\1. Spasial\SHP\Kab. Belitung\Kecamatan Membalong\Penguasaan Tanah\psn_membalong.shp,Bangka Belitung,Membalo_Tanah,psn_membalong.shp,psn_membalong
F:\WP3WT\Hasil Inventarisasi Daerah\@ Data Inventarisasi Daerah 2013-2014-2015-2016\2014\8. Bangka Belitung 2014\Inventarisasi Wilayah Pesisir Babel 2014\1. Spasial\SHP\Kab. Belitung\Kecamatan Membalong\Penguasaan Tanah\psn_membalong2.shp,Bangka Belitung,Membalo_Tanah,psn_membalong2.shp,psn_membalong2
F:\WP3WT\Hasil Inventarisasi Daerah\@ Data Inventarisasi Daerah 2013-2014-2015-2016\2014\8. Bangka Belitung 2014\Inventarisasi Wilayah Pesisir Babel 2014\1. Spasial\SHP\Kab. Belitung\Kecamatan Membalong\Peta Pertanahan\psn_membalong.shp,Bangka Belitung,Membalo_Pertanahan,psn_membalong.shp,psn_membalong
F:\WP3WT\@ Integrasi Data\2015\INTEGRASI NTB 2015\2010\Kabupaten Bima\Kecamatan Woha\psn_woha.shp,NTB,Woha,psn_woha.shp,psn_woha
F:\WP3WT\@ Integrasi Data\2015\INTEGRASI NTB 2015\2011\Kab. Lombok Barat\Kec. Batu Layar\psn_batuLayar.shp,NTB,Batu_Layar,psn_batuLayar.shp,psn_batuLayar
F:\WP3WT\@ Integrasi Data\2015\INTEGRASI NTB 2015\2011\Kab. Lombok Barat\Kec. Lembar\psn_lembar.shp,NTB,Lembar,psn_lembar.shp,psn_lembar
F:\WP3WT\@ Integrasi Data\2015\INTEGRASI NTB 2015\2011\Kab. Lombok Timur\Kec. Pringgabaya\psn_pringgabaya.shp,NTB,Pringgabaya,psn_pringgabaya.shp,psn_pringgabaya
F:\WP3WT\@ Integrasi Data\2015\INTEGRASI NTB 2015\2011\Kab. Lombok Timur\Kec. Sakra Timur\psn_sakraTimur.shp,NTB,Sakra_Timur,psn_sakraTimur.shp,psn_sakraTimur
